{
    "model_name": "SVM",
    "metrics": {
        "accuracy": 0.8392857142857143,
        "precision": 0.8696303696303695,
        "recall": 0.8392857142857143,
        "f1_score": 0.8258166273912467,
        "confusion_matrix": [
            [
                25,
                27
            ],
            [
                0,
                116
            ]
        ]
    }
}