{
    "model_name": "SVM",
    "metrics": {
        "accuracy": 0.8541666666666666,
        "precision": 0.8601973684210525,
        "recall": 0.8541666666666666,
        "f1_score": 0.8479516806722689,
        "confusion_matrix": [
            [
                9,
                6
            ],
            [
                1,
                32
            ]
        ]
    }
}