{
    "model_name": "KNN",
    "metrics": {
        "accuracy": 0.8333333333333334,
        "precision": 0.8359672227099795,
        "recall": 0.8333333333333334,
        "f1_score": 0.8262850456526346,
        "confusion_matrix": [
            [
                29,
                23
            ],
            [
                5,
                111
            ]
        ]
    }
}